{
  "val": {
    "roc_auc": 0.8034753159331018,
    "pr_auc": 0.3440478512620583,
    "brier": 0.1722792776606673,
    "ks": 0.4547531077983443
  },
  "test": {
    "roc_auc": 0.802956235929655,
    "pr_auc": 0.3252783356682102,
    "brier": 0.17573767814034533,
    "ks": 0.464607745807301
  },
  "base_rate_test": 0.06700358111047894,
  "n_train": 95609,
  "n_val": 23903,
  "n_test": 29879
}