{
  "baseline": {
    "val": {
      "roc_auc": 0.8034753159331018,
      "pr_auc": 0.3440478512620583,
      "brier": 0.1722792776606673,
      "mean_pred": 0.40225023436281376,
      "base_rate": 0.06697904028782999
    },
    "test": {
      "roc_auc": 0.802956235929655,
      "pr_auc": 0.3252783356682102,
      "brier": 0.17573767814034533,
      "mean_pred": 0.40630704432025433,
      "base_rate": 0.06700358111047894
    }
  },
  "calibrated": {
    "test_sigmoid": {
      "roc_auc": 0.8036125369769593,
      "pr_auc": 0.32551786058516563,
      "brier": 0.06205413889815904,
      "mean_pred": 0.06741949491924992,
      "base_rate": 0.06700358111047894
    },
    "test_isotonic": {
      "roc_auc": 0.803870341374377,
      "pr_auc": 0.3232919461729347,
      "brier": 0.05243392217347682,
      "mean_pred": 0.0690465483224475,
      "base_rate": 0.06700358111047894
    }
  },
  "recommended": "isotonic"
}