{
  "model": "calibrated_isotonic",
  "best_threshold_chosen_on": "validation_expected_profit",
  "best_threshold": 0.23733668341708547,
  "validation": {
    "approve_rate": 0.936493327197423,
    "expected_profit_total": 3462717.203315015,
    "realized_profit_total": 3467550.0
  },
  "test_at_best_threshold": {
    "approve_rate": 0.9320593058669969,
    "expected_profit_total": 4290849.736085765,
    "realized_profit_total": 4332110.0,
    "base_rate_test": 0.06700358111047894
  },
  "policy_config": {
    "ead": 1000.0,
    "annual_margin_rate": 0.2,
    "lgd": 0.6,
    "acquisition_cost": 10.0
  }
}