band,n,share,avg_pd,realized_default_rate,expected_profit_per_loan,expected_profit_total
A,8177,0.2736704708992938,0.012796125298706827,0.013452366393542864,179.76309976103454,1469922.8667459795
B,6847,0.22915760232939522,0.029416025659203624,0.02833357674894114,166.4671794726371,1139800.7778491462
C,7390,0.24733090130191773,0.04757046649797303,0.046008119079837616,151.94362680162158,1122863.4020639835
D,7465,0.2498410254693932,0.1882720195110911,0.18191560616208977,39.38238439112711,293989.4994797639
